<?xml version="1.0" encoding="UTF-8"?>
<keywords>
   <keywords>
      <text FeatureID="true_11008 false_11008">device registration</text>
      <target FeatureID="true_11008" href="DRM_HLP_REGISTRATION_METERING.html">Device registration</target>
      <target FeatureID="false_11008" href="DRM_HLP_REGISTRATION.html">Device registration</target>
   </keywords>
   <keywords>
      <text FeatureID="true_11008">silent rights' acquisition</text>
      <target FeatureID="true_11008" href="DRM_HLP_REGISTRATION_METERING.html">Device registration</target>
   </keywords>
   <keywords>
      <text FeatureID="true_11008">metering</text>
      <target FeatureID="true_11008" href="DRM_HLP_REGISTRATION_METERING.html">Device registration</target>
   </keywords>
</keywords>