<?xml version="1.0" encoding="UTF-8"?><?xml-stylesheet  href="../../theme/xsl/index2html.xslt" type="text/xsl"?>
<topics FeatureID="-1" title="Media Servant" compressed="true">
   <topicref FeatureID="-1" href="MSERV_HLP_FILL_BROWSE.html" navtitle="Browse device content"/>
   <topicref FeatureID="-1" href="MSERV_HLP_FILE_BROWSE.html" navtitle="Browse server content"/>
   <topicref FeatureID="-1" href="MSERV_HLP_FILL_LIST.html" navtitle="Device synchronisation lists"/>
   <topicref FeatureID="-1" href="MSERV_HLP_EDIT_RULES.html" navtitle="Edit rules"/>
   <topicref FeatureID="-1" href="MSERV_HLP_MAIN_VIEW.html" navtitle="Home sync"/>
   <topicref FeatureID="-1" href="MSERV_HLP_STORE_LIST.html" navtitle="Server synchronisation lists"/>
   <topicref FeatureID="-1" href="MSERV_HLP_STORE_SETTINGS.html" navtitle="Store settings"/>
   <topicref FeatureID="-1" href="MSERV_HLP_SYNC_SETTINGS.html" navtitle="Sync settings"/>
</topics>