<?xml version="1.0" encoding="UTF-8"?>
<keywords>
   <keywords>
      <text FeatureID="-1">device content, browsing</text>
      <target FeatureID="-1" href="MSERV_HLP_FILL_BROWSE.html">Browse device content</target>
   </keywords>
   <keywords>
      <text FeatureID="-1">server, browsing</text>
      <target FeatureID="-1" href="MSERV_HLP_FILE_BROWSE.html">Browse server content</target>
   </keywords>
   <keywords>
      <text FeatureID="-1">lists, synchronising</text>
      <target FeatureID="-1" href="MSERV_HLP_FILL_LIST.html">Device synchronisation lists</target>
   </keywords>
   <keywords>
      <text FeatureID="-1">rules, editing</text>
      <target FeatureID="-1" href="MSERV_HLP_EDIT_RULES.html">Edit rules</target>
   </keywords>
   <keywords>
      <text FeatureID="-1">home network</text>
      <target FeatureID="-1" href="MSERV_HLP_MAIN_VIEW.html">Home sync</target>
   </keywords>
   <keywords>
      <text FeatureID="-1">media files, synchronising</text>
      <target FeatureID="-1" href="MSERV_HLP_MAIN_VIEW.html">Home sync</target>
   </keywords>
   <keywords>
      <text FeatureID="-1">storing media files</text>
      <target FeatureID="-1" href="MSERV_HLP_MAIN_VIEW.html">Home sync</target>
   </keywords>
   <keywords>
      <text FeatureID="-1">server synchronisation list</text>
      <target FeatureID="-1" href="MSERV_HLP_STORE_LIST.html">Server synchronisation lists</target>
   </keywords>
   <keywords>
      <text FeatureID="-1">store settings</text>
      <target FeatureID="-1" href="MSERV_HLP_STORE_SETTINGS.html">Store settings</target>
   </keywords>
   <keywords>
      <text FeatureID="-1">sync settings</text>
      <target FeatureID="-1" href="MSERV_HLP_SYNC_SETTINGS.html">Sync settings</target>
   </keywords>
   <keywords>
      <text FeatureID="-1">source devices</text>
      <target FeatureID="-1" href="MSERV_HLP_SYNC_SETTINGS.html">Sync settings</target>
   </keywords>
   <keywords>
      <text FeatureID="-1">memory storage</text>
      <target FeatureID="-1" href="MSERV_HLP_SYNC_SETTINGS.html">Sync settings</target>
   </keywords>
</keywords>