<?xml version="1.0" encoding="UTF-8"?>
<keywords>
   <keywords>
      <text FeatureID="-1">content for sharing</text>
      <target FeatureID="-1" href="UPNP_HLP_SHARE_CONTENT.html">Select content for sharing</target>
   </keywords>
   <keywords>
      <text FeatureID="-1">home media</text>
      <target FeatureID="-1" href="UPNP_HLP_SHARE_CONTENT.html">Select content for sharing</target>
      <target FeatureID="-1" href="UPNP_HLP_SHARING_PROP.html">Sharing settings</target>
      <target FeatureID="-1" href="UPNP_HLP_MAIN_VIEW.html">Home media</target>
      <target FeatureID="-1" href="UPNP_HLP_MAIN_EXTERNAL.html">Home media devices</target>
      <target FeatureID="-1" href="UPNP_HLP_CONTENT_VIEW.html">Home media files</target>
      <target FeatureID="-1" href="UPNP_HLP_REMOTE_DEVICES.html">Home media folders</target>
      <target FeatureID="-1" href="UPNP_HLP_SEARCH.html">Search results</target>
   </keywords>
   <keywords>
      <text FeatureID="-1">sharing images and videos</text>
      <target FeatureID="-1" href="UPNP_HLP_SHARE_CONTENT.html">Select content for sharing</target>
   </keywords>
   <keywords>
      <text FeatureID="-1">sharing media files</text>
      <target FeatureID="-1" href="UPNP_HLP_SHARING_PROP.html">Sharing settings</target>
      <target FeatureID="-1" href="UPNP_HLP_MAIN_VIEW.html">Home media</target>
      <target FeatureID="-1" href="UPNP_HLP_MAIN_EXTERNAL.html">Home media devices</target>
      <target FeatureID="-1" href="UPNP_HLP_CONTENT_VIEW.html">Home media files</target>
      <target FeatureID="-1" href="UPNP_HLP_REMOTE_DEVICES.html">Home media folders</target>
      <target FeatureID="-1" href="UPNP_HLP_SEARCH.html">Search results</target>
   </keywords>
   <keywords>
      <text FeatureID="-1">viewing files on remote device</text>
      <target FeatureID="-1" href="UPNP_HLP_SHARING_PROP.html">Sharing settings</target>
      <target FeatureID="-1" href="UPNP_HLP_MAIN_VIEW.html">Home media</target>
      <target FeatureID="-1" href="UPNP_HLP_MAIN_EXTERNAL.html">Home media devices</target>
      <target FeatureID="-1" href="UPNP_HLP_CONTENT_VIEW.html">Home media files</target>
      <target FeatureID="-1" href="UPNP_HLP_REMOTE_DEVICES.html">Home media folders</target>
      <target FeatureID="-1" href="UPNP_HLP_SEARCH.html">Search results</target>
   </keywords>
   <keywords>
      <text FeatureID="-1">sharing properties</text>
      <target FeatureID="-1" href="UPNP_HLP_SHARING_PROP.html">Sharing settings</target>
   </keywords>
</keywords>